[{"term":"Acceleration","url":"phonegap_accelerometer_accelerometer.md.html"},{"term":"Accelerometer","url":"phonegap_accelerometer_accelerometer.md.html"},{"term":"accelerometer.clearWatch","url":"phonegap_accelerometer_accelerometer.md.html"},{"term":"accelerometer.getCurrentAcceleration","url":"phonegap_accelerometer_accelerometer.md.html"},{"term":"accelerometer.watchAcceleration","url":"phonegap_accelerometer_accelerometer.md.html"},{"term":"accelerometerError","url":"phonegap_accelerometer_accelerometer.md.html"},{"term":"accelerometerOptions","url":"phonegap_accelerometer_accelerometer.md.html"},{"term":"accelerometerSuccess","url":"phonegap_accelerometer_accelerometer.md.html"},{"term":"API Reference","url":"index.md.html"},{"term":"Camera","url":"phonegap_camera_camera.md.html"},{"term":"camera.getPicture","url":"phonegap_camera_camera.md.html"},{"term":"cameraError","url":"phonegap_camera_camera.md.html"},{"term":"cameraOptions","url":"phonegap_camera_camera.md.html"},{"term":"cameraSuccess","url":"phonegap_camera_camera.md.html"},{"term":"Contact","url":"phonegap_contacts_contacts.md.html"},{"term":"ContactAccount","url":"phonegap_contacts_contacts.md.html"},{"term":"ContactAddress","url":"phonegap_contacts_contacts.md.html"},{"term":"contactError","url":"phonegap_contacts_contacts.md.html"},{"term":"ContactError","url":"phonegap_contacts_contacts.md.html"},{"term":"ContactField","url":"phonegap_contacts_contacts.md.html"},{"term":"contactFields","url":"phonegap_contacts_contacts.md.html"},{"term":"contactFindOptions","url":"phonegap_contacts_contacts.md.html"},{"term":"ContactFindOptions","url":"phonegap_contacts_contacts.md.html"},{"term":"ContactName","url":"phonegap_contacts_contacts.md.html"},{"term":"ContactOrganization","url":"phonegap_contacts_contacts.md.html"},{"term":"Contacts","url":"phonegap_contacts_contacts.md.html"},{"term":"contacts.create","url":"phonegap_contacts_contacts.md.html"},{"term":"contacts.find","url":"phonegap_contacts_contacts.md.html"},{"term":"contactSuccess","url":"phonegap_contacts_contacts.md.html"},{"term":"Coordinates","url":"phonegap_geolocation_geolocation.md.html"},{"term":"Device","url":"phonegap_device_device.md.html"},{"term":"device.name","url":"phonegap_device_device.md.html"},{"term":"device.phonegap","url":"phonegap_device_device.md.html"},{"term":"device.platform","url":"phonegap_device_device.md.html"},{"term":"device.uuid","url":"phonegap_device_device.md.html"},{"term":"device.version","url":"phonegap_device_device.md.html"},{"term":"deviceready","url":"phonegap_events_events.md.html"},{"term":"Events","url":"phonegap_events_events.md.html"},{"term":"Geolocation","url":"phonegap_geolocation_geolocation.md.html"},{"term":"geolocation.clearWatch","url":"phonegap_geolocation_geolocation.md.html"},{"term":"geolocation.getCurrentPosition","url":"phonegap_geolocation_geolocation.md.html"},{"term":"geolocation.watchPosition","url":"phonegap_geolocation_geolocation.md.html"},{"term":"geolocationError","url":"phonegap_geolocation_geolocation.md.html"},{"term":"geolocationOptions","url":"phonegap_geolocation_geolocation.md.html"},{"term":"geolocationSuccess","url":"phonegap_geolocation_geolocation.md.html"},{"term":"Guides","url":"index.md.html"},{"term":"Network","url":"phonegap_network_network.md.html"},{"term":"network.isReachable","url":"phonegap_network_network.md.html"},{"term":"NetworkStatus","url":"phonegap_network_network.md.html"},{"term":"Notification","url":"phonegap_notification_notification.md.html"},{"term":"notification.alert","url":"phonegap_notification_notification.md.html"},{"term":"notification.beep","url":"phonegap_notification_notification.md.html"},{"term":"notification.confirm","url":"phonegap_notification_notification.md.html"},{"term":"notification.vibrate","url":"phonegap_notification_notification.md.html"},{"term":"Position","url":"phonegap_geolocation_geolocation.md.html"},{"term":"PositionError","url":"phonegap_geolocation_geolocation.md.html"},{"term":"reachableCallback","url":"phonegap_network_network.md.html"},{"term":"reachableHostname","url":"phonegap_network_network.md.html"},{"term":"reachableOptions","url":"phonegap_network_network.md.html"}]